"group","n","min","p01","median","p99","max","ess"
"Overall",5000,0.460995949949697,0.524664360704547,0.982229210443839,1.58187039883958,1.67067381661618,4671.34956070033
"FASt",2114,0.460995949949697,0.649827865308987,1.19554746161224,1.61246064185598,1.67067381661618,2039.13312181418
"Non-FASt",2886,0.486752579829203,0.513933333997245,0.838742713781971,1.40155645529434,1.60886072942483,2733.14308417307
